SM.Coupe Charger,28,1
Coupe Platter,37,1
Oval Rim Platter,47,1
Angled Rim Rectangle Platter,33,1
SM. Oval Coupe Platter,36,1
Oval Coupe Platter,49,1
SQ. Rim Charger,30,1
SQ. Rim Platter,45,1
Rim Charger,27,1
Angled Rim Charger,33,1
Beer Mug,14,2
3D Cat Mug,19,1
Crinkle Cup,13,1
Small Crinkle Cup,10,1
3D Dog Mug,19,1
16oz Mug,14,2
Snoopy Mug,16,1
Espresso Cup,14,1
Wine Goblet,16,2
Margarita,18,2
Football Cup,18,2
Owl mug,15,1
Barrel Mug,13,1
Regular Mug,10,1
Large Mug,12,1
Peace Mug,11,1
Soup Mugs,12,1
Round Mugs,13,1
Tall Tumbler,12,2
Cone flare mugs,13,1
Planter cup & Saucer,16,1
Cappucino Mug & Saucer,17,1
Apple mug,15,1
Heart Mug,16,1
I Love You Mug,17,1
Rim Dinner,13,1
Rim Salad,11,1
Rim Dessert,10,1
Coupe Dinner,13,1
Coupe Salad,11,1
Coupe Dessert,10,1
SQ Rrim Dinner,18,1
SQ Rim Salad,15,1
Petal Dinner,21,1
Petal Salad,18,1
Angled Rim Dinner,20,1
Angled Rim Salad,17,1
Angled Rim Dessert,10,1
Swoop Sushi Salad,15,1
Swoop Sushi Dessert,12,1
Flareware Dinner,20,1
Flareware Salad,17,1
Medium Heart,15,1
Mega Heart,30,1
Flower,14,1
Elsa,24,1
Lady Bug,16,1
Cross,17,1
Shark,17,1
Sugar,20,1
Sea Turtle,22,1
Flip Flop,18,1
Mini Canister,16,1
Small Canister,23,1
Regular Canister,29,1
Large Canister,39,1
Plain Round,14,1
Hellow Kitty,19,1
Castle,18,1
Monster,16,1
Ice Cream,16,1
Cupcake,16,1
Coin Monster,16,1
Jumpin' Jennyfrog Bank,18,1
Truck,15,1
Sports Car,17,1
Helmet Bank,23,1
Peace Sign bank,17,1
Football Bank,15,1
Fish Bank,20,1
Chei Bear Bank,17,1
Monster Bank,15,1
Owl Bank,16,1
This Lil Piggy,16,1
Princess Caitlyn,17,1
Mega Banks (Asst),40,1
Flower,16,1
Soccer Ball,16,1
Base Ball,16,1
Cute Elephant,14,1
Hippamandapotamus,18,1
Adrienne Dragon,17,1
Spiderman,24,1
Ironman,24,1
Rocket,20,1
Peace,13,1
Rice,10,1
Stack a bowl,12,1
Flare ware bowl,16,1
Footed ice cream,12,1
Small Mixing Bowl,12,2
Med Mixing Bowl,18,2
Large Mixing Bowl,24,2
12in. Mixing Bowl,42,2
Tall Cereal,14,1
Cereal,13,1
Pasta,34,2
Holey Bowly,18,1
Yarn Bowl,13,1
Small Dog Bowl,15,1
Med Dog Bowl,20,1
Oval Fish Bowl,20,2
Pig Collectable,10,1
Frog Collectable,10,1
Monkey Collectable,10,1
Dragon Collectable,11,1
Penguin Collectable,10,1
Football player,12,1
Baseball Player,12,1
Basketball Player,12,1
Elephant,10,1
Alligator,10,1
Small horse,12,1
Happy Haley Turtle,10,1
Amanda panda,13,1
Party Panda,14,1
Party Dragon,14,1
Party Turtle,13,1
Party Unicorn,14,1
Clown Fish Collectable,10,1
Standing Horse,16,1
Standing Dog,16,1
Standing Cat,16,1
Party Frog,15,1
Gecko Plaque,17,1
Cowboy Boot,13,1
Gnome,24,1
Jumbo Ear Bunny,14,1
